<?xml version="1.0" encoding="UTF-8"?>
<project-private xmlns="http://www.netbeans.org/ns/project-private/1">
    <editor-bookmarks xmlns="http://www.netbeans.org/ns/editor-bookmarks/2" lastBookmarkId="0"/>
    <open-files xmlns="http://www.netbeans.org/ns/projectui-open-files/2">
        <group>
            <file>file:/C:/Users/AURIANE/Documents/NetBeansProjects/OurSupermarket/web/Localizacao/editarLocalizacao.jsp</file>
            <file>file:/C:/Users/AURIANE/Documents/NetBeansProjects/OurSupermarket/web/Fornecedor/excluirFornecedor.jsp</file>
            <file>file:/C:/Users/AURIANE/Documents/NetBeansProjects/OurSupermarket/web/Fornecedor/editaFornecedor.jsp</file>
            <file>file:/C:/Users/AURIANE/Documents/NetBeansProjects/OurSupermarket/web/Fornecedor/listarFornecedor.jsp</file>
            <file>file:/C:/Users/AURIANE/Documents/NetBeansProjects/OurSupermarket/src/java/ConexaoBancoDeDados/Fornecedor.java</file>
            <file>file:/C:/Users/AURIANE/Documents/NetBeansProjects/OurSupermarket/web/Fornecedor/AtualizaFornecedor.jsp</file>
        </group>
    </open-files>
</project-private>
