<?xml version="1.0" encoding="UTF-8"?>
<project-private xmlns="http://www.netbeans.org/ns/project-private/1">
    <editor-bookmarks xmlns="http://www.netbeans.org/ns/editor-bookmarks/2" lastBookmarkId="0"/>
    <open-files xmlns="http://www.netbeans.org/ns/projectui-open-files/2">
        <group>
            <file>file:/C:/Users/AURIANE/Documents/NetBeansProjects/OurSupermarket/web/Produto/ListaProduto.jsp</file>
            <file>file:/C:/Users/AURIANE/Documents/NetBeansProjects/OurSupermarket/src/java/ConexaoBancoDeDados/Produto.java</file>
            <file>file:/C:/Users/AURIANE/Documents/NetBeansProjects/OurSupermarket/src/java/ConexaoBancoDeDados/Venda.java</file>
            <file>file:/C:/Users/AURIANE/Documents/NetBeansProjects/OurSupermarket/web/Venda/insereVenda.jsp</file>
            <file>file:/C:/Users/AURIANE/Documents/NetBeansProjects/OurSupermarket/web/Venda/cadastroVenda.jsp</file>
            <file>file:/C:/Users/AURIANE/Documents/NetBeansProjects/OurSupermarket/web/Produto/atualizaEstoque.jsp</file>
        </group>
    </open-files>
</project-private>
